Patient Name:,张三
Gender:,男
Age:,22
Recording Time:,2026-01-21 11:26:36

Time(sec),Channel,HbO(μM),HbR(μM),HbT(μM)
0.0,1,5.2195,-0.3348,4.8847
0.0,2,-1.5390,0.0997,-1.4393
0.1,1,5.2195,-0.3350,4.8845
0.2,1,5.2281,-0.3383,4.8899
0.3,1,5.2438,-0.3423,4.9014
0.1,2,-1.5390,0.0997,-1.4393
0.2,2,-1.5390,0.0997,-1.4393
0.4,1,5.2439,-0.3416,4.9023
0.5,1,5.2381,-0.3394,4.8987
0.6,1,5.2303,-0.3374,4.8929
0.3,2,-1.5390,0.0997,-1.4393
0.4,2,-1.5390,0.0997,-1.4393
0.5,2,-1.5390,0.0997,-1.4393
0.7,1,5.2302,-0.3378,4.8924
0.8,1,5.2389,-0.3411,4.8978
0.9,1,5.2389,-0.3411,4.8978
0.6,2,-1.5390,0.0997,-1.4393
0.7,2,-1.5390,0.0997,-1.4393
0.8,2,-1.5390,0.0997,-1.4393
1.0,1,5.2389,-0.3410,4.8979
1.1,1,5.2360,-0.3399,4.8962
1.2,1,5.2321,-0.3388,4.8933
0.9,2,-1.5390,0.0997,-1.4393
1.3,1,5.2320,-0.3393,4.8928
1.4,1,5.2407,-0.3426,4.8981
1.5,1,5.2524,-0.3456,4.9068
1.0,2,-1.5390,0.0997,-1.4393
1.1,2,-1.5390,0.0997,-1.4393
1.2,2,-1.5390,0.0997,-1.4393
1.6,1,5.2524,-0.3456,4.9068
1.7,1,5.2380,-0.3401,4.8979
1.8,1,5.2263,-0.3371,4.8892
1.3,2,-1.5390,0.0997,-1.4393
1.4,2,-1.5390,0.0997,-1.4393
1.5,2,-1.5390,0.0997,-1.4393
